title,creator,extent,issued,material_type
障害児教育福祉史の偉人伝 : 愛知の障害児者支援への尽力,"小川, 英彦, 1957-",['168 p ; 21 cm'],2021,['図書']
한국장애인사 : 역사 속의 장애 인물,"방, 귀희",['320 p ; 26 cm'],2023,['図書']
むつぼしのひかり,点字雑誌むつぼしのひかりデータ化研究プロジェクト,['冊 ; 30cm'],2016,['雑誌']
視覚障害者柔道の歴史 : 人物史を中心に,"伊藤, 友治, 1950-",['207 p ; 26 cm'],2022,['図書']
講話 より巨いなる山の動く日 : 障害者問題の歴史と展望.,"清水, 寛, 1936-",['204 p ; 21 cm'],2023,['図書']
講話 より巨いなる山の動く日 : 障害者問題の歴史と展望.,"清水, 寛, 1936-",['p 443-606 ; 21 cm'],2023,['図書']
講話 より巨いなる山の動く日 : 障害者問題の歴史と展望.,"清水, 寛, 1936-",['p 205-442 ; 21 cm'],2023,['図書']
中東のなかの「障害と開発」,"森, 壮也, 1962-",['199 p ; 21 cm'],2023,"['図書', '政府刊行物', '官公庁刊行物']"
楽善会訓盲唖院記録 : 翻刻,筑波大学附属視覚特別支援学校,"['7, 199, 54 p ; 26 cm']",2023,['図書']
障害ピアサポート : 多様な障害領域の歴史と今後の展望,"岩崎, 香",['243p ; 21cm'],2019,['図書']
障害があり女性であること : 生活史からみる生きづらさ,"土屋, 葉, 1973-",['326p ; 20cm'],2023,['図書']
少年行刑の歴史からみる知的障害者福祉の萌芽,"末松, 惠, 1960-","['12, 370 p ; 22 cm']",2022,['図書']
ひきこもりと発達障害のアポリア : 歴史的視座から辿る8050問題,"鈴木, 信子, 1971-",['266 p ; 19 cm'],2022,['図書']
病者障害者の戦後 : 生政治史点描,"立岩, 真也, 1960-","['476,43p ; 19cm']",2018,['図書']
障害児教育福祉史の人物 : 保育・教育・福祉・医療で支える,"小川, 英彦, 1957-",['171p ; 21cm'],2020,['図書']
戦後教育史 : 貧困・校内暴力・いじめから、不登校・発達障害問題まで,"小国, 喜弘, 1966-",['320p ; 18cm'],2023,['図書']
「障害者運動」の歴史と現在 : 豊橋市における障害のある人の「声」から考える,愛知大学文学部,['145p ; 30cm'],2017,['図書']
障害史研究,障害史研究会,['冊 ; 30cm'],2020,"['雑誌', '政府刊行物', '官公庁刊行物']"
障害のある人と優生思想,日本障害者協議会,['123p ; 21cm'],2019,['図書']
戦後日本の子どもから障害児を分けない教育の史的研究,"久米, 祐子",,2021-01-31,['博士論文']
東京都の3つの旧身体障害者療護施設における入居者自治会による施設改革運動に関する研究 : 重度身体障害者が「生活の自由と自己決定」を求める運動の歴史的研究,,,2021,
障害児教育史研究 : 史料と論究,障害児教育史研究会,['冊 ; 21cm'],2018,['雑誌']
近代日本聴覚障害者生活史・断章,"松延, 秀一, 1955-",['241p ; 21cm'],2019,['図書']
障害児教育福祉史の資料集成 : 戦前の劣等児・精神薄弱児教育,"小川, 英彦, 1957-","['18, 197p ; 21cm']",2020,['図書']
史群アル仙のメンタルチップス : 不安障害とADHDの歩き方,"史群, アル仙, 1990-",['141p ; 21cm'],2018,['図書']
한국장애인사 : 역사 속의 장애 인물,"정, 창권",['320p ; 26cm + 51p'],2014,['図書']
障害児教育の方法論を問う : 人間一般から説く科学的障害児教育,"志垣, 司",['276p ; 19cm'],2017,['図書']
歴史のなかの障害者,"山下, 麻衣",['342p ; 20cm'],2014,['図書']
知的障害者と「わかりやすい選挙」 : 新しい権利保障としての「狛江モデル」構築の軌跡,"堀川, 諭, 1977-",['305p ; 21cm'],2024,['図書']
異形の人たち : 歴史の中の障害福祉,"楠, 峰光, 1943-",['191p ; 20cm'],2015,['図書']
障害学のアイデンティティ : 日本における障害者運動の歴史から,"堀, 智久, 1979-",['220p ; 22cm'],2014,['図書']
障害児教育のアメリカ史と日米関係史 : 後進国から世界最先端の特殊教育への飛翔と失速,"中村, 満紀男, 1945-",['1029p ; 22cm'],2021,['図書']
発達障害のある子を担任!どんな準備をするか : 『向山洋一は障害児教育にどう取り組んだか』に学ぶ,"向山, 洋一, 1943-",['183p ; 21cm'],2018,['図書']
精神障害者支援の思想と戦略 : QOLからHOLへ,"田中, 英樹, 1948-",['277p ; 22cm'],2018,['図書']
伝導失語 : 復唱障害、STM障害、音韻性錯語,日本高次脳機能障害学会,['278p ; 21cm'],2012,['図書']
障害児教育福祉史の記録 : アーカイブスの活用へ,"小川, 英彦, 1957-",['197p ; 21cm'],2016,['図書']
子どもから障害児を「分けない教育」の戦後史 : インクルーシブ教育とは,"久米, 祐子, 1959-","['227,5p ; 26cm']",2022,['図書']
重症心身障害児〈者〉医療福祉の誕生 : その歴史と論点,"岡田, 喜篤",['230p ; 22cm'],2016,['図書']
「知的障害者」に向けた前期中等教育において職業生活準備教育が重視される背景 -歴史的観点からの考察-,"西脇, 啓太",,2022,['博士論文']
史群アル仙のメンタルチップス : 不安障害とADHDの歩き方,"史群, アル仙, 1990-",['143p ; 21cm'],2017,['図書']
障害児教育福祉の通史 : 名古屋の学校・施設の歩み,"小川, 英彦, 1957-","['11, 141p ; 21cm']",2019,['図書']
障害教師論 : インクルーシブ教育と教師支援の新たな射程,"中村, 雅也","['212,13p ; 22cm']",2020,['図書']
障害児教育福祉の地域史 : 名古屋・愛知を対象に,"小川, 英彦, 1957-","['12, 142p ; 21cm']",2018,['図書']
通史日本の障害者 : 明治・大正・昭和,"山田, 明, 1947-",['243p ; 22cm'],2013,['図書']
総力戦体制と障害児保育論の形成 : 日本障害児保育史研究序説,"河合, 隆平, 1978-",['313p ; 22cm'],2012,['図書']
視覚障害当事者の運動の歴史 : 日本盲人会連合70年史,日本盲人会連合,['266p ; 30cm + CD-ROM 1枚 (12cm)'],2018,['図書']
輝くいのちの伴走者 : 障害福祉の先達との対話 : 浅野史郎対話集,"浅野, 史郎, 1948-",['208p ; 19cm'],2016,['図書']
イタリアのフルインクルーシブ教育 : 障害児の学校を無くした教育の歴史・課題・理念,"Mura, Antonello",['303p ; 19cm'],2022,['図書']
近代日本における災害救済と障害・疾病等を有する子どもの特別教育史研究 : 濃尾震災（1891年）を中心として,,,2020-03-17,
障害者教育史 社会問題としてたどる外国と日本の通史,"津曲, 裕次, 1936-",['CD-ROM 1枚'],2019,"['電子資料', 'DVD・CD']"
発達障害の臨床,,['ビデオディスク 1枚 (43分) : DVD'],2011,"['映像資料', 'DVD']"
聴覚障害教育の歴史と展望,ろう教育科学会,['503p ; 22cm'],2012,['図書']
全国情緒障害教育研究会からみた自閉症教育のあゆみと今後の展望,全国情緒障害教育研究会,['175p ; 26cm'],2017,['図書']
現場から考える精神療法 : うつ、統合失調症、そして発達障害,"村上, 伸治",['217p ; 21cm'],2017,['図書']
少年行刑の歴史からみる知的障害者福祉の萌芽－浦和監獄川越分監における処遇に着目して,"末松, 惠",,2019-03-20,['博士論文']
戦後における重度重複障害児教育実践の創成に関する歴史研究とアーカイブ化,"越野, 和之, 1964-",['260p'],"2016, 2019",['図書']
障害学国際セミナー,"川端, 美季, 1980-",['340p ; 21cm'],2013,['図書']
精神障害者の地域生活支援の枠組み,,['ビデオディスク 1枚 (13分) : DVD'],2009,"['映像資料', 'DVD']"
重症心身障害児者施設の歴史的背景と看護のありよう : くらしの中で福祉職と協働する看護の再定義,"窪田, 好恵",,2017-09-25,['博士論文']
"障害者運動における専門家と家族の歴史的考察 : 障害児者がいることと,そのありのままの肯定へ","堀, 智久",['2冊 (副論文・参考論文とも)'],2011,['博士論文']
障害児教育福祉の歴史 : 先駆的実践者の検証,"小川, 英彦, 1957-",['129p ; 21cm'],2014,['図書']
역사 속 장애인은 어떻게 살았을까 : 사료와 함께 읽는 장애인사,"정, 창권 (鄭昌權)",['565p ; 23cm'],2011,['図書']
DVDで学ぶ精神科ソーシャルワーク入門,,['ビデオディスク 1枚 (30分) : DVD'],2016,"['映像資料', 'DVD']"
特別支援学校中学部視覚障害者用社会 (歴史) 文部科学省著作教科書,,['9冊 ; 27cm'],2016,['図書']
往復書簡 : 日本の障害者福祉の礎となったヘレン・ケラー女史と岩橋武夫,"Keller, Helen, 1880-1968",['230p ; 30cm'],2012,['図書']
往復書簡 日本の障害者福祉の礎となったヘレン・ケラー女史と岩橋武夫,"Keller, Helen, 1880-1968",['4冊 ; 27cm'],2012,['図書']
障害児教育体制に関する社会学的探究 : 盲学校教育をめぐる歴史過程と実践の論理,,,2014,
ドイツ知的障害‘親の会’レーベンスヒルフェの成立史研究,"松本, 瑞穂",['1冊'],2011,['博士論文']
自閉症教育と知的障害教育 : 授業とカリキュラム開発の歴史と展望,"太田, 正巳, 1953-",['139p ; 21cm'],2012,['図書']
障害年金というヒント : 誰も知らない最強の社会保障 : 史上最強の社労士チームが徹底ガイド!,"中井, 宏, 1964-",['187p ; 19cm'],2014,['図書']
20世紀ロシアの挑戦盲ろう児教育の歴史 : 事例研究にみる障害児教育の成功と発展,"Basilova, Tatiana Aleksandrovna",['285p ; 20cm'],2017,['図書']
障害児教育・福祉年史集成,,"['186, 215p ; 27cm']",2005,['図書']
障害児教育・福祉年史集成,,"['348, 148p ; 27cm']",2005,['図書']
障害児教育・福祉年史集成,,['287p ; 27cm'],2005,['図書']
障害児教育・福祉年史集成,,"['98, 217, 66p ; 27cm']",2005,['図書']
障害児教育・福祉年史集成,,"['174, 185p ; 27cm']",2005,['図書']
障害児教育・福祉年史集成,,"['162, 254p ; 27cm']",2005,['図書']
障害児教育・福祉年史集成,,"['73, 173, 308p ; 27cm']",2005,['図書']
論集現代日本の教育史,"辻本, 雅史, 1949-",['618p ; 22cm'],2013,['図書']
障害者スポーツの総合的研究 : 歴史、現状分析と普及・振興の条件,"藤田, 紀昭, 1962-",['1冊'],2012,['博士論文']
関西障害者運動の現代史 : 大阪青い芝の会を中心に,"定藤, 邦子",['337p ; 20cm'],2011,['図書']
障害児教育・福祉年史集成,,"['211, 12, 240p ; 27cm']",2004,['図書']
強迫性障害の研究,OCD研究会,['182p ; 21cm'],2004,['図書']
障害児教育・福祉年史集成,,['432p ; 27cm'],2004,['図書']
障害児教育・福祉年史集成,,['1冊 ; 27cm'],2004,['図書']
障害児教育・福祉年史集成,,"['73, 199p ; 27cm']",2004,['図書']
注意欠陥/多動性障害の研究史 : 時代の鏡に照らして見たクラマーとポルノウ,"Rothenberger, Aribert",['158p ; 24cm'],2015,['図書']
障害児教育・福祉年史集成,,"['54, 140p ; 27cm']",2004,['図書']
障害児教育・福祉年史集成,,"['277, 155, 213p ; 27cm']",2004,['図書']
障害児教育・福祉年史集成,,['599p ; 27cm'],2004,['図書']
自己愛性人格/解離性障害/躁うつ病の拡散 : 精神医学における症例記述の復権のために,"鈴木, 茂, 1948-2013",['307p ; 22cm'],2015,['図書']
障害児教育・福祉年史集成 : 第1・2期解説・付録,"津曲, 裕次, 1936-",['98p ; 26cm'],2005,['図書']
<ADHD(注意欠陥/多動性障害)関連>論文集,,['285p ; 26cm'],2007,['図書']
ことばに障害がある人の歴史をさぐる,"山本, 正志",['129p ; 19cm'],2005,['図書']
障害児の教育権保障と教育実践の課題 : 養護学校義務制実施に向けた取り組みに学びながら,"二通, 諭, 1951-",['227p ; 26cm'],2014,['図書']
検証日本の精神科社会的入院と家族 : 精神科長期入院者とその家族について歴史的考察とその実態-精神障害者福祉への政策提言,"滝沢, 武久, 1942-",['292p ; 21cm'],2014,['図書']
視覚障害者の教育・職業・福祉 : その歴史と現状,"谷合, 侑, 1932-",['206p ; 26cm'],2005,['図書']
視覚障害教育の歴史・現状・課題 : 職業教育・進路保障と地域支援の充実を願って,"久松, 寅幸, 1951-",['304p ; 26cm'],2012,['図書']
視覚障害教育の歴史・現状・課題 職業教育・進路保障と地域支援の充実を願って,"久松, 寅幸, 1951-",['5冊 ; 27cm'],2012,['図書']
障害者の国際人権保障 : その歴史と課題,"川島, 聡",['1冊'],2005,['博士論文']
社会は障害のある人たちに何を期待しているか : 生涯学習実践から知的能力をめぐる問題を考える,"西村, 愛",['173p ; 19cm'],2014,['図書']
挑戦こそわが生命 : 視覚障害者たちの挑戦史 : 歴史エッセイ,"谷合, 侑, 1932-",['293p ; 21cm'],2006,['図書']
難聴 : 知られざる人間風景,"津名, 道代, 1933-",['260p ; 21cm'],2005,['図書']
国民皆介護 : 障害者自立支援法の成立,"京極, 高宣, 1942-",['181p ; 21cm'],2005,['図書']
忘れられた歴史はくり返す : 障害のある人が戦場に行った時代,"秋元, 波留夫, 1906-2007",['86p ; 21cm'],2006,['図書']
戦前戦後障害者運動史年表 : 戦前戦後障害者運動と関係法制,"杉本, 章, 1938-",['120p ; 26cm'],2001,['図書']
障害走,,['ビデオディスク 1枚 : DVD'],,"['映像資料', 'DVD']"
障害児教育学原論考 : 私家版,"藤井, 力夫, 1946-",['1004p ; 31cm'],2004,['図書']
知的障害養護学校における音楽科教育成立史研究,"藤原, 志帆",['1冊'],2005,['博士論文']
視覚障害教育の歴史・現状・課題 職業教育・進路保障と地域支援の充実を願って,"久松, 寅幸, 1951-",['CD-ROM 1枚 ; 12cm'],,"['電子資料', 'DVD・CD']"
岩手県障害児教育史資料,"中山, 文雄, 1937-",['112p ; 26cm'],2001,['図書']
近世障害者生活史の研究,"原田, 信一",['1冊'],2001,['博士論文']
清掃作業者のダイオキシン曝露による発癌リスク及び生殖障害に係る歴史的コホート研究,"毛利, 一平",['132p'],"2002, 2005",['図書']
リーディングス日本の社会福祉,"岩田, 正美, 1947-",['434p ; 22cm'],2011,['図書']
障害者社会史研究の地平を拓く : 故加藤康昭先生の生涯と業績,,['92p ; 30cm'],2004,['図書']
盲・聾分離をめざした苦闘・90年 : 第84回全日本盲学校教育研究大会研究発表 : 視覚障害教育の今後を考えるための史資料集,"岸, 博実, 1949-",['68p ; 30cm'],2009,"['図書', '政府刊行物', '地方公共団体刊行物']"
歴史と文化に見る身体障害者,"松尾, 智, 1957-",['210p ; 20cm'],2000,['図書']
障害者問題史研究紀要,精神薄弱問題史研究会,['冊 ; 26cm'],"1988, 2005",['雑誌']
特別支援教育の研究 : 重症心身障害児施設砂子療育園における医学・療育及び教育実践,"下川, 仁夫, 1951-",['349p ; 22cm'],2009,['図書']
日本知的障害教育学史の研究-明治期の近代化と欧米知的障害理論の受容・定着-,"高橋, 智, 1954-",['冊'],"2000, 2001",['図書']
発達障害児教育実践史研究 : 戦前の北海道における特別教育の成立と教育理念・目標・内容・方法,"市澤, 豊",['397p ; 22cm'],2006,['図書']
茨城県障害児教育史の研究,"船橋, 秀彦, 1955-",['223p ; 21cm'],1997,['図書']
地域で生きる : 自立をめざす重度障害者の自分史から,AJU自立の家,['209p ; 21cm'],2001,['図書']
日本の障害者雇用 : その歴史・現状・課題,"手塚, 直樹, 1933-",['338p ; 22cm'],2000,['図書']
言語障害児教育のあすを考える : 言語障害・難聴通級指導教室のルーツをさぐり、日本言語障害児教育研究会の歩みをたどる史料,"大熊, 喜代松, 1926-",['220p ; 26cm'],1997,['図書']
城戸幡太郎と日本の障害者教育科学 : 障害児教育における「近代化」と「現代化」の歴史的位相,"高橋, 智, 1954-","['694, 8p ; 22cm']",1998,['図書']
視覚障害者のための医学典籍講読法の開発と鍼灸・手技療法の歴史的考察,"和久田, 哲司",['60p'],"2001, 2003",['図書']
日本の障害者 : その文化史的側面,"花田, 春兆, 1925-2017",['258p ; 21cm'],1997,['図書']
日本の障害者の歴史 : 近世篇,"生瀬, 克己, 1942-2008",['269p ; 22cm'],1999,['図書']
近世障害者関係史料集成,"生瀬, 克己, 1942-2008",['806p ; 22cm'],1996,['図書']
城戸幡太郎の教育科学と障害児教育理論の研究 : 障害児教育における「近代化」と「現代化」の歴史的位相,"高橋, 智, 1954-",,,['博士論文']
語り継ぐトランスジェンダー史 : 性同一性障害の現在・過去・未来,"虎井, まさ衛, 1963-",['221p ; 19cm'],2003,['図書']
アメリカ合衆国障害児学校史の研究,"中村, 満紀男",['カセット 32巻'],1998,"['録音資料', 'カセットテープ']"
東京の知的障害児教育概説 : 戦後創設期編,"富岡, 達夫, 1928-",['382p ; 22cm'],2001,['図書']
ロシア障害児教育史の研究,"渡辺, 健治, 1948-",['375p ; 22cm'],1996,['図書']
歴史の中の障害者 : 盲人のあゆみ,,['16p ; 30cm'],1996,"['図書', '政府刊行物', '地方公共団体刊行物']"
京都障害者歴史散歩,"藤本, 文朗, 1935-",['181p ; 19cm'],1994,['図書']
教育実践でつづる知的障害教育方法史 : 教育方法の展開と探究,全日本特別支援教育研究連盟,['266p ; 21cm'],2002,['図書']
紙の機関車 : 日聴紙物語 : ろう者の人権を守り、連帯を深めてきた日本聴力障害新聞。その波瀾に満ちた歴史を今、ふり返る。,日本聴力障害新聞編集部,['55p ; 26cm'],2003,['図書']
特別な困難をもつ子どもたちと教育の社会化,,['216p ; 21cm'],2006,['図書']
前立腺肥大症の自然史と排尿障害の関係,"北川, 憲一",,,['博士論文']
摂食障害の臨床精神医学的研究 : 生活史上の家族内外傷体験に焦点づけた精神療法的関与,"駒井, 秀次",,,['博士論文']
アメリカ公教育制度における障害児の教育保障に関する歴史的研究,"安藤, 房治",['冊'],,['博士論文']
社会福祉法人京都身体障害者福祉センター30年史 : 輝く未来へ向かって,京都身体障害者福祉センター,['246p ; 26cm'],2000,['図書']
カドミウム環境汚染による健康障害の自然史に関する臨床疫学的研究,"加須屋, 實",['冊'],"1997, 1999",['図書']
放射性物質の人体摂取障害の記録 : 過ちの歴史に何を学ぶか,"松岡, 理, 1929-",['135p ; 21cm'],1995,['図書']
イギリス障害児「義務教育」制度成立史研究,"山口, 洋史, 1940-",['474p ; 22cm'],1993,['図書']
知られざる声 : 障害者の歴史に光を灯した女性たち,"Smith, J. David, 1944-",['255p ; 21cm'],1995,['図書']
身体障害者・高齢者と自動車運転 : その歴史的経緯と現状,国立身体障害者リハビリテーションセンター,['358p ; 26cm'],1994,"['図書', '政府刊行物', '官公庁刊行物']"
全障研三十年史 : 障害者の権利を守り、発達を保障するために,全国障害者問題研究会,['813p ; 22cm'],1997,['図書']
日本盲人史考 : 視力障害者の歴史と伝承 金属と片眼神,"森, 納, 1928-","['629, 21p ; 22cm']",1993,['図書']
スウェーデンの障害児教育改革 : 特別指導の歴史と現状,"Ahlström, Karl-Georg",['267p ; 22cm'],1995,['図書']
視覚障害者(児)の教育・職業・福祉 : その歴史と現状,日本盲人福祉研究会,['156p ; 26cm'],1989,['図書']
ドイツ障害児教育史研究 : 補助学校教育の確立と変容,"荒川, 智, 1957-","['346, 9p ; 22cm']",1990,['図書']
玉野裁判上告趣意書 : 玉野さん無罪は歴史の必然 言語障害者の参政権保障を求めて,玉野ふいさんを守る会,['209p ; 26cm'],1992,['図書']
アメリカ合衆国障害児学校史の研究,"中村, 満紀男, 1945-",['709p ; 22cm'],1987,['図書']
ドキュメント戦後の日本 : 新聞ニュースに見る社会史大事典,国立国会図書館,"['346, 73p ; 31cm']",1995,"['図書', '政府刊行物', '官公庁刊行物']"
障害者教育福祉リハビリテーション目次総覧,"津曲, 裕次, 1936-",['1冊 (頁付なし) ; 22cm'],1991,['図書']
障害者問題史文献目録,,['p81～100 ; 26cm'],1984,['図書']
玉野事件最終意見陳述書 : 玉野さん無罪は歴史の必然 言語障害者の参政権保障を求めて,玉野ふいさんを守る会,['110p ; 26cm'],1991,['図書']
広島の障害者福祉 : 障害者問題史とその実態,"田代, 国次郎, 1935-2014",['81p ; 26cm'],1982,['図書']
19世紀アメリカ障害児学校史の研究,"中村, 満紀男",,,['博士論文']
新たな福祉社会の創生を目指して : 現場・理論・歴史的視座からの発信,"溝口, 元, 1953-",['450p ; 22cm'],2024,['図書']
障害児学への道 : 柳川光章教授退官記念論文集,"柳川, 光章, 1923-",['207p ; 27cm'],1988,['図書']
幼児教育史研究の新地平.,幼児教育史学会,['389p ; 22cm'],2022,['図書']
戦後社会福祉の歴史研究と方法 : 継承・展開・創造 : 社会事業史学会創立50周年記念論文集.,社会事業史学会,"['16, 703 p ; 22 cm']",2022,['図書']
障害児保育論 : その理論と方法 待井和江先生古稀記念論文集,"待井, 和江, 1918-2011",['288p ; 22cm'],1988,['図書']
日本障害児教育学説史研究-1930年代の教育・保育科学理論の検討を中心に,"高橋, 智",['冊'],1988,['図書']
社会運動史研究.,"大野, 光明, 1979-",['237p ; 21cm'],2021,['図書']
発達保障思想の形成 : 障害児教育の史的探究,"清水, 寛, 1936-",['328p ; 20cm'],1981,['図書']
逆光の中の障害者たち : 古代史から現代文学まで,"後藤, 安彦, 1929-2008",['270p ; 19cm'],1982,['図書']
関西・大阪の社会経済問題の歴史と現状,関西大学経済史研究会,['233p ; 21cm'],2020,['図書']
アメリカ初期知能障害児学校史の研究,"津曲, 裕次",['冊'],,['博士論文']
障害者教育の歴史的成立 : ルソー・イタール・セガン・モンテッソーリ,"津田, 道夫, 1929-2014",['178p ; 20cm'],1982,['図書']
羅針盤としての政策史 : 歴史研究からヘルスケア・福祉政策の展望を拓く,"猪飼, 周平",['280p ; 22cm'],2019,['図書']
歴史を未来につなぐ : 「3・11からの歴史学」の射程,歴史学研究会,"['332,2p ; 21cm']",2019,['図書']
ジャーナリズムは歴史の第一稿である。,"瀬川, 至朗, 1954-","['303, 15p ; 19cm']",2018,['図書']
日本聾史研究,日本聾史研究会,['63p ; 26cm'],2018,['図書']
小脳性言語障害の臨床 : その歴史的背景と新しい局在論,"坂井, 春男",['冊'],,['博士論文']
出生前診断受ける受けない誰が決めるの? : 遺伝相談の歴史に学ぶ,"山中, 美智子, 1958-",['242p ; 21cm'],2017,['図書']
犯罪学と精神医学史研究,"影山, 任佐, 1948-",['332p ; 22cm'],2017,['図書']
障害児教育学研究 : 荒川勇教授退官記念論文集,"荒川, 勇, 1918-2005",['331p ; 26cm'],1982,['図書']
日本における心身障害者体育の史的研究,,['22p ; 26cm'],1983,['図書']
むつぼしのひかり.,点字雑誌むつぼしのひかりデータ化研究プロジェクト,['CD-ROM ; 12 cm'],2016,"['雑誌', 'DVD・CD', '電子資料']"
知っておきたい歴史の新常識,歴史科学協議会,['215p ; 21cm'],2017,['図書']
日本における心身障害者体育の史的研究,,['25p ; 26cm'],1984,['図書']
戦後障害児教育史資料,戦後障害児教育史研究会,['40p ; 25cm'],1978,['図書']
人間発達研究の創出と展開 : 田中昌人・田中杉恵の仕事をとおして歴史をつなぐ,"中村, 隆一, 1954-",['275p ; 21cm'],2016,['図書']
刑事法と歴史的価値とその交錯 : 内田博文先生古稀祝賀論文集,"徳田, 靖之, 1944-",['976p ; 22cm'],2016,['図書']
精神疾患者の自分史 : 児童虐待の後遺症・新興宗教二世・アスペルガー,"田上, 光, 1971-",['211 p ; 18 cm'],2022,['図書']
大都市・東京の社会教育 : 歴史と現在,,['573p ; 22cm'],2016,['図書']
日本史学のフロンティア,"荒武, 賢一朗",['310p ; 22cm'],2015,['図書']
精神保健福祉法の最新知識 : 歴史と臨床実務,日本精神科病院協会,['530p ; 21cm'],2015,['図書']
特別支援教育・福祉年史集成,"津曲, 裕次, 1936-",['1冊 ; 27cm'],2015,['図書']
福祉・人権概念の転回と歴史認識の転換 : プロジェクト共同研究,大阪産業大学産業研究所,['130p ; 21cm'],2015,['図書']
犯罪学と精神医学史研究,"影山, 任佐, 1948-",['310p ; 22cm'],2015,['図書']
国語語彙史の研究,国語語彙史研究会,['399p ; 22cm'],2015,['図書']
規制の事前評価書,,,,
歴史をつくった市民たち : 語り下ろし市民活動,大阪ボランティア協会,['247p ; 21cm'],2014,['図書']
民事法学の歴史と未来 : 田山輝明先生古稀記念論文集,"五十嵐, 敬喜, 1944-",['708p ; 22cm'],2014,['図書']
常設展示,,,,
特別支援・特別ニーズ教育の源流 : 鈴木治太郎の教育改革と適能教育論,"高橋, 智, 1954-",['407p ; 22cm'],2010,['図書']
話しことばの原理と教育 : 言調聴覚法の理論,"Guberina, Petar, 1913-2005",['228p ; 19cm'],1981,['図書']
戦後障害児教育史研究;その思潮・制度・方法の総合的通史研究(2),"荒川, 勇",['冊'],1978,['図書']
世界教育史大系,"梅根, 悟, 1903-1980",['398p ; 21cm'],1974,['図書']
戦後における神奈川県内精神薄弱特殊学級の変遷,"榎田, 洋一",['82p ; 25cm'],1978,['図書']
講座日本の教育,,['287p ; 20cm'],1976,['図書']
歴史と戦略の本質 : 歴史の英知に学ぶ軍事文化,"Murray, Williamson",['250p ; 20cm'],2011,['図書']
歴史教育から「社会科」へ : 現場からの問い,"君島, 和彦, 1945-",['290p ; 21cm'],2011,['図書']
聴覚障害教育に尽した古谷史映追憶,"始閣, 精太郎, 1924-",['101p ; 21cm'],1972,['図書']
アイドルちん ちんプレー好プレー続出ちんこのBOXでは、中野腐女ちんもももクロちんもトマパイちんもグラドルちんも大暴れ!! : 史上最高のアイドルガちんコ大戦の全記憶!!,,['ビデオディスク 3枚 (240分) : DVD + 1冊'],2011,"['映像資料', 'DVD']"
フロイト全集,"Freud, Sigmund, 1856-1939",['439p ; 22cm + 16p'],2010,['図書']
講座心身障害児の教育,"鈴木, 清, 1906-1982",['5冊 ; 22cm'],1973,['図書']
部落史研究からの発信,"友永, 健三, 1944-",['354p ; 21cm'],2009,['図書']
ドイツ近現代ジェンダー史入門,"姫岡, とし子, 1950-","['297, 31p ; 22cm']",2009,['図書']
教育学における優生思想の展開 : 歴史と展望,"藤川, 信夫, 1961-",['479p ; 22cm'],2008,['図書']
音楽の思想と教育,"河口, 道朗, 1936-",['321p ; 21cm'],2005,['図書']
植原悦二郎集,"植原, 悦二郎, 1877-1962","['363, 7p ; 20cm']",2005,['図書']
[004]障害史研究表紙奥付等,,,2023-03-13,
北海道の歴史と文化 : その視点と展開 : 北海道史研究協議会創立四十周年記念論集,北海道史研究協議会,['541p ; 22cm'],2006,['図書']
[003]障害史研究表紙奥付等,,,2022-03-25,
[002]障害史研究表紙奥付等,,,2021-03-25,
"無名の人石井筆子 : ""近代""を問い歴史に埋もれた女性の生涯","石井, 筆子, 1861-1944",['189p ; 21cm'],2004,['図書']
[001]障害史研究表紙奥付等,,,2020-03-25,
キリスト教福祉実践の史的展開,"杉山, 博昭, 1962-",['355p ; 22cm'],2003,['図書']
文化財と歴史学,奈良文化財研究所,['750p ; 27cm'],2003,"['図書', '政府刊行物', '官公庁刊行物']"
障害児教育史研究　：　史料と論究,障害児教育史研究会,"['105p', '21cm']",2021-10,['図書']
第3章　イスラーム思想における障害の歴史的分析,"小村, 優太",,2023,['図書']
むつぼしのひかり : 墨字訳 : 視覚障害者による視覚障害者のための明治の点字総合雑誌,点字雑誌『むつぼしのひかり』データ化・研究プロジェクト,['220p ; 30cm'],2019,['図書']
講和 より巨いなる山の動く日 : 障害者問題の歴史と展望,清水 寛,['205-442P ; 21cm'],2023,['図書']
講和 より巨いなる山の動く日 : 障害者問題の歴史と展望,清水 寛,['204P ; 21cm'],2023,['図書']
講和 より巨いなる山の動く日 : 障害者問題の歴史と展望,清水 寛,['443-606P ; 21cm'],2023,['図書']
障害児教育史研究 : 史料と論究,障害児教育史研究会,['21cm'],2018,['図書']
むつぼしのひかり : 墨字訳 : 視覚障害者による視覚障害者のための明治の点字総合雑誌,点字雑誌『むつぼしのひかり』データ化・研究プロジェクト,['155p ; 30cm'],2017,['図書']
むつぼしのひかり : 墨字訳 : 視覚障害者による視覚障害者のための明治の点字総合雑誌,点字雑誌『むつぼしのひかり』データ化・研究プロジェクト,"['6,230p ; 30cm']",2016,['図書']
[障害デイジー資料]昭和史の10大事件,宮部 みゆき,['6時間49分 ; 12cm'],2018,['DAISY']
視覚障害者の歴史資料集,,['30cm'],2016,['図書']
戦後日本の子どもから障害児を分けない教育の史的研究,"久米, 祐子",,2021-01-31,['博士論文']
清代中国の刑律に見る瘋病のある人（精神障害者）の処遇史研究［学位論文内容要旨］,"江, 先美",,2023-03,
[障害デイジー資料]浦和市史,浦和市総務部市史編さん室,['37時間20分 ; 12cm'],2015,['DAISY']
[障害デイジー資料]浦和市史,浦和市総務部市史編さん室,['31時間7分 ; 12cm'],2015,['DAISY']
[障害デイジー資料]浦和市史,浦和市総務部市史編さん室,['29時間34分 ; 12cm'],2015,['DAISY']
摂食障害の歴史社会学 ： 食行動の逸脱はどのように語られてきたのか,"山田, 理絵",,2021-10-28,['博士論文']
[障害デイジー資料]世界を見た幕臣たち : 幕末遣外使節団の軌跡,榎本 秋,['7時間4分 ; 12cm'],2017,['DAISY']
[障害デイジー資料]さいたま歴史散歩,相沢 明彦,['2時間49分 ; 12cm'],2014,['DAISY']
[障害デイジー資料]エウロペアナ : 二〇世紀史概説,"Ouředník,Patrik",['5時間5分 ; 12cm'],2016,['DAISY']
[障害デイジー資料]「歴史認識」とは何か : 対立の構図を超えて,大沼 保昭,['9時間8分 ; 12cm'],2016,['DAISY']
[障害デイジー資料]奥秩父の伝説と史話,太田 巌,['7時間37分 ; 12cm'],2014,['DAISY']
[障害デイジー資料]昭和史の中の埼玉,朝日新聞社,['2時間56分 ; 12cm'],2013,['DAISY']
（付属電子媒体）視覚障害当事者の運動の歴史 : 日本盲人会連合７０年史,,['ＣＤ－ＲＯＭ（１枚） ; １２ｃｍ'],2018,
[障害デイジー資料]昭和史の埼玉 : 激動の60年,史の会,['13時間11分 ; 12cm'],2014,['DAISY']
「知的障害者」に向けた前期中等教育において職業生活準備教育が重視される背景 -歴史的観点からの考察-,"Nishiwaki, Keita",,2022,['博士論文']
[障害デイジー資料]埼玉の女たち : 歴史の中の25人,韮塚 一三郎,['9時間40分 ; 12cm'],2014,['DAISY']
[障害デイジー資料]思わず人に話したくなる埼玉学,県民学研究会,['5時間8分 ; 12cm'],2013,['DAISY']
近代日本における災害救済と障害・疾病等を有する子どもの特別教育史研究 : 濃尾震災（1891年）を中心として,"能田, 昴",,2020-03-17,['博士論文']
戦後の障害児教育運動に関する歴史研究: 東京都の全員就学をめぐる運動と政策を中心に,"河合, 隆平",,2019-06-17,
パラリンピアンかく語りき障害者スポーツと歩む人びと,笹川スポーツ財団,['30cm'],2016,['図書']
知的障害児教育の制度化,"鈴木, 治太郎",['22cm'],2010,['図書']
障害者スポーツの歴史と現状,日本障害者スポーツ協会,['30cm'],2009,['図書']
日本における特別ニーズ保育の歴史的系譜: 戦前の養育困難・障害乳幼児問題を中心に,"河合, 隆平",,2016-04-21,
"関市における地域委員会の現状と課題 . 障害者の就労支援と福祉施設の役割 . 都市計画 : 岐阜市, 常滑市, 高蔵寺 . 旧早野邸セミナーハウス史料整理 . 下呂市飛騨金山の昔と今を知る . 企業や公的機関の職場に関する調査",岐阜大学地域科学部,['30cm'],2022,['図書']
往復書簡 : 日本の障害者福祉の礎(いしずえ)となったヘレン・ケラー女史と岩橋武夫,日本ライトハウス,['30cm'],2012,['図書']
養護学校義務制実施期における重症心身障害児教育実践の成立と構造に関する歴史研究,"河合, 隆平",,2016-05-23,
障害者スポーツの歴史と現状,日本障害者スポーツ協会,['30cm'],2007,['図書']
第II部　「障害と開発」と障害当事者 - 第7章　ろう者における人間開発の基本モデル―アフリカのろう教育形成史の事例―,"亀井, 伸孝",,2008,['図書']
精神薄弱問題史研究紀要,精神薄弱問題史研究会,['30冊 ; 26cm'],"1964, 1986",['雑誌']
往復書簡―日本の障害者福祉の礎となったヘレン・ケラー女史と岩橋武夫,日本ライトハウス,['4巻'],2012-10,"['図書', '点字']"
障害児教育・福祉年史集成　：　解説・付録,,"['９８ｐ', '２６ｃｍ']",2005-11,['図書']
現代経済・社会の歴史と論理 : 中央学院大学創立二十周年記念論集,中央学院大学総合科学研究所,['529p ; 22cm'],1986,['図書']
障害者スポーツの歴史と現状,日本障害者スポーツ協会,['30cm'],2005,['図書']
障害者福祉施設の歴史といずみ野福祉会の３５年　：　いずみ野福祉会がめざしてきたもの,狩野　和子,"['１０８ｐ', '３０ｃｍ']",2013-06,['図書']
日本史に探る聴覚障害者群像,"津名, 道代",['21cm'],2005,['図書']
障害児学校寄宿舎の歴史と現状,,['30cm'],2005,['図書']
第II部　「障害と開発」と障害当事者 -第10章　フィリピンのろう教育とろうコミュニティの歴史―マニラ地区を中心とした当事者主体の運動の形成と崩壊，復活―,"森, 壮也",,2008,['図書']
障害者スポーツの歴史と現状,日本障害者スポーツ協会,['30cm'],2004,['図書']
主張　高齢者、障害者に優しい居住,沢田　昌治,,2003-10,
視覚障害者の教育・職業・福祉 : その歴史と現状,谷合／侑,['7巻'],2005-03,"['図書', '点字']"
戦前戦後障害者運動史年表 : 戦前戦後障害者運動と関係法制,"杉本, 章",['１２０ｐ ; ２６ｃｍ'],2001,
戦前戦後障害者運動史年表 : 戦前戦後障害者運動と関係法制,杉本／章,['7巻'],2001-11,"['図書', '点字']"
[障害テープ資料]宏です。小川です : 昭和わたく史交友録,小川 宏(1926~),['カセット5巻'],2005,['録音図書（カセットテープ）']
植民地の障害者問題が社会福祉学に問いかけてやまぬもの : 日本近現代障害者問題史研究の反省を通して,"清水, 寛",['1冊(合本) ; 28cm'],2003,
近世障害者生活史の研究,"原田, 信一",['22cm'],2001,['図書']
日本知的障害教育学史の研究 : 明治期の近代化と欧米知的障害理論の受容・定着,"高橋, 智",['30cm'],2002,['図書']
特別ニーズ保育の歴史的系譜: 戦前日本の養育困難・障害乳幼児問題の構造変容の検討,"河合, 隆平",,2009-05-20,
障害者福祉論資料,,,2001,['図書']
日本の障害者雇用　：　ー歴史ー,,,2000-03,['視聴覚資料']
[障害テープ資料]さいたま歴史散歩,相沢 明彦,['カセット2巻'],2001,['録音図書（カセットテープ）']
講座転換期の障害児教育,,['27cm'],1999,['図書']
[障害テープ資料]奥秩父の伝説と史話,太田 巌,['カセット5巻'],2001,['録音図書（カセットテープ）']
東京の障害者教育史研究会会報,東京の障害者教育史研究会,['30cm'],1998,['雑誌']
戦後政治裁判史録,"田中, 二郎, 1906-1982","['381, 110p ; 22cm']",1980,['図書']
身体障害者スポーツの歴史と現状,日本身体障害者スポーツ協会,['26cm'],1997,['図書']
視覚障害者のための医学典籍講読法の開発と鍼灸・手技療法の歴史的考察,"和久田, 哲司",['30cm'],2004,['図書']
アジア・太平洋戦争と障害者の生存・人権・教育　：　ヒロシマ・ナガサキの障害者の被爆体験,清水 寛,"['1冊', '26cm']",1996,['図書']
身体障害者スポーツの歴史と現状,,['３３ｐ ; ３０ｃｍ'],1999,['図書']
近世障害者関係史料集成,"生瀬, 克己",['22cm'],1996,['図書']
障害と差別,国立国会図書館逐次刊行物部,['31cm'],1995,['図書']
1995年度埼玉大学「障害児教育史演習」報告書 : アジア・太平洋戦争と障害者の生存・人権・教育 : 第2集沖縄戦の中の障害者,,['26cm'],1996,['図書']
[障害テープ資料]近代日本の戦争 : 20世紀の歴史を知るために,色川 大吉,['カセット5巻'],2001,['録音図書（カセットテープ）']
障害児教育史年表,大山弘,['２５１ｐ ; ２６ｃｍ'],1992,
身体障害者スポーツの歴史と現状,,"['５７ｐ', '２６ｃｍ']",1996-04,['図書']
[障害テープ資料]昭和史の埼玉 : 激動の60年,史の会,['カセット9巻'],1996,['録音図書（カセットテープ）']
[障害テープ資料]埼玉の女たち : 歴史の中の25人,韮塚 一三郎,['カセット7巻'],1997,['録音図書（カセットテープ）']
身体障害者スポーツの歴史と現状,日本身体障害者スポーツ協会,['26cm'],1993,['図書']
[障害デイジー資料]近代日本の戦争 : 20世紀の歴史を知るために,色川 大吉,['6時間46分 ; 12cm'],1998,['DAISY']
[障害テープ資料]浦和市史,浦和市総務部市史編さん室,['カセット35巻'],1992,['録音図書（カセットテープ）']
日本における心身障害者体育の史的研究,北野 与一,['p1〜8 ; 26cm'],1994,['図書']
日本における心身障害者体育の史的発展の特質,北野 与一,['p267〜282 ; 26cm'],1995,['図書']
"Development of special education for the intellectually handicapped with particular reference to Victoria, Australia, and Tokyo, Japan : the development of societal attitudes towards people who are suffering from intellectual impairment","Henry, Kenneth W",,,['博士論文']
障害児教育・福祉年史集成,"津曲, 裕次",['27cm'],2004,['図書']
ドキュメント戦後の日本　：　障害と差別,国立国会図書館,"['346,73p', '31cm']",1995-05,['図書']
日本における心身障害者体育の史的研究,北野 与一,['p197〜216 ; 26cm'],1994,['図書']
[障害テープ資料]浦和市史,浦和市総務部市史編さん室,['カセット32巻'],1990,['録音図書（カセットテープ）']
日本における心身障害者体育の史的研究,北野 与一,['p39〜61 ; 26cm'],1993,['図書']
日本における心身障害者体育の史的研究,北野 与一,['7p ; 26cm'],1993,['図書']
[障害テープ資料]浦和市史,浦和市総務部市史編さん室,['カセット31巻'],1989,['録音図書（カセットテープ）']
日本における心身障害者体育の史的研究,北野 与一,['p53〜62 ; 26cm'],1992,['図書']
日本における心身障害者体育の史的研究,北野 与一,['25p ; 26cm'],1991,['図書']
視覚障害者(児)の教育・職業・福祉 その歴史と現状,日本盲人福祉研究会,['カセット 11巻'],1990,"['録音資料', 'カセットテープ']"
茨城の障害者問題研究,全国障害者問題研究会茨城支部,"['86p', '26cm']",1984-03,['図書']
日本における心身障害者体育の史的研究,北野 与一,['p325〜343 ; 26cm'],1990,['図書']
日本における心身障害者体育の史的研究,北野 与一,['p79〜86 ; 26cm'],1990,['図書']
視覚障害者（児）の教育・職業・福祉　その歴史と現状,日本盲人福祉研究会編,['5巻'],1989-03,"['図書', '点字']"
視覚障害者（児）の教育・職業・福祉 -その歴史と現状-,谷合／侑,['10巻'],1989,"['図書', '点字']"
発達保障思想の形成 障害児教育の史的探究,"清水, 寛",['カセット 13巻'],1989,"['録音資料', 'カセットテープ']"
日本における心身障害者体育の史的研究,北野 与一,['p75〜82 ; 26cm'],1991,['図書']
地域に根ざす障害児学校づくりのあゆみ,"清水, 寛",['26cm'],1989,['図書']
公認心理師の基礎と実践,"野島, 一彦, 1947-",['276p ; 21cm'],2020,['図書']
広島の障害者福祉 : 障害者問題史とその実態,"田代, 国次郎〔著〕",['８１ｐ ; ２６ｃｍ'],1982,
広島の障害者福祉 : 障害者問題史とその実態,"田代, 国次郎",['26cm'],1982,['図書']
逆光の中の障害者たち 古代史から現代文学まで,"後藤, 安彦",['5冊'],1988,['図書']
わが国における心身障害体育史研究の動向及び課題,北野 与一,['p125〜128 ; 26cm'],1989,['図書']
[障害テープ資料]終わりなき旅 : 「中国残留孤児」の歴史と現在,井出 孫六,['カセット7巻'],1988,['録音図書（カセットテープ）']
50年の歴史を振り返って,全国情緒障害教育研究会,['26cm'],2017,['図書']
日本における心身障害者体育の史的研究,北野 与一,['p195〜222(28p) ; 26cm'],1987,['図書']
聴覚障害教師の嚆矢吉川金造先生 : 吉川金造先生偉業調査報告 : 日本の教育史上に異彩を放った: 聾者のための聾者による聾教育を百年も前に実践した日本初の聾教師 1871-1939,,['30cm'],1998,['図書']
逆光の中の障害者たち,後藤安彦,['２７０ｐ ; １９ｃｍ'],1982,
日本における心身障害者体育の史的研究,北野 与一,['22p ; 26cm'],1986,['図書']
[障害テープ資料]昭和史の中の埼玉,朝日新聞浦和支局,['カセット2巻'],1983,['録音図書（カセットテープ）']
障害者問題史研究の動向と課題 : 研究方法論の検討を中心に,障害児教育学研究会,['27cm'],1988,['図書']
青森県障害児教育史年表,青森県障害児教育史研究会,['25cm'],1982,['図書']
障害者教育福祉リハビリテーション目次総覧,"津曲, 裕次",['22-27cm'],1990,['図書']
特殊教育 ; 精薄教育 ; 現場のための雑誌精薄教育 ; 現場のための精薄教育 ; 精神薄弱問題史研究紀要 ; 障害者問題史研究紀要 ; 精神薄弱児教育研究論文集 ; 発達教育 ; セガン研究 ; 療育研究ノート ; 自閉児教育研究 ; 精神薄弱者施設史研究 ; 発達障害研究 ; スペシャルオリンピック,"津曲, 裕次",['22cm'],1991,['図書']
日本における心身障害者体育の史的研究,北野 与一,['24p ; 26cm'],1985,['図書']
狩野力八郎著作集,"狩野, 力八郎, 1945-2015",['341p ; 22cm'],2019,['図書']
発達保障思想の形成 : 障害児教育の史的探究,"清水, 寛",['20cm'],1985,['図書']
特別支援教育史・人物事典,"藤島, 岳, 1933-2005","['232,248p ; 22cm']",2015,['図書']
精神療法面接における傾聴と共感,"木村, 宏之, 1968-",['259p ; 22cm'],2023,['図書']
[障害デイジー資料]終わりなき旅 : 「中国残留孤児」の歴史と現在,井出 孫六,['9時間38分 ; 12cm'],1986,['DAISY']
全国障害児学校「学校史」一覧,"荒川, 勇",['25cm'],1980,['図書']
障害者運動の歴史と現在 : 特集,福祉労働編集委員会,['21cm'],1979,['図書']
日本における心身障害者体育の史的研究,北野 与一,['p12〜22 ; 26cm'],1985,['図書']
戦後障害児教育史資料,戦後障害児教育史研究会,['26cm'],1978,['雑誌']
日本における心身障害者体育の史的研究,北野 与一,['p109〜130 ; 26cm'],1983,['図書']
福祉労働　：　障害者・保育・教育の総合誌,,"['180p', '22cm']",1979,['図書']
障害者教育史 : −社会問題としてたどる外国と日本の通史−,津曲‖裕次,['３１４Ｐ ; ２１ｃｍ'],1985,['図書']
逆光の中の障害　：　古代史から現代文学まで,後藤安彦,"['270p', '19cm']",1982,['図書']
逆光の中の障害者たち : 古代史から現代文学まで,後藤／安彦,['4巻'],1982-06,"['図書', '点字']"
逆光の中の障害者たち : 古代史から現代文学まで,後藤／安彦,['4巻'],1982,"['図書', '点字']"
てんかんケア・仙台.,"海野, 美千代",['252 p ; 26 cm'],2022,['図書']
講座・心身障害児の教育,鈴木 清,"['２７６ｐ', '２２ｃｍ']",1976,['図書']
発達保障思想の形成 : −障害児教育の史的探究−,清水‖寛,['３２８Ｐ ; ２０ｃｍ'],1981,['図書']
日本における心身障害者体育の史的研究　：　昭和２０年代の精神薄弱体育について,北野与一,"['ｐ１２〜２２', '２６ｃｍ']",1985,['図書']
むつぼしのひかり : 墨字訳,点字雑誌『むつぼしのひかり』データ化・研究プロジェクト,['30cm'],2020,['図書']
日本における心身障害者体育に関する史的研究,北野 与一,['p121〜132'],1981,['図書']
障害者のゆたかな未来をめざして : 歴史に学び新たな前進をめざして : ゆたか福祉会広報特別号,ゆたか福祉会実践研修推進委員会,['26cm'],1985,['図書']
日本における心身障害者体育に関する史的研究,北野 与一,['p99〜120 ; 26cm'],1980,['図書']
日本における心身障害者体育の史的研究　：　昭和３０年代から同４０年代前期の精神薄弱体育について,北野与一,"['ｐ７３〜９６', '２６ｃｍ']",1985,['図書']
交通事故診療と損害賠償実務の交錯,交通事故賠償研究会,['247p ; 21cm'],2016,['図書']
障害児教育史,"荒川, 勇",['21cm'],1974,['図書']
講座心身障害児の教育,鈴木清,"['276p', '22cm']",1973,['図書']
心身障害児教育の歴史と現状,"鈴木, 清",['22cm'],1973,['図書']
世界教育史大系 : 障害児教育史,世界教育史研究会,['４０８ｐ ; ２２㎝'],1974,['図書']
日常を拓く知 古典を読む,神戸女学院大学文学部,['109p ; 19cm'],2018,['図書']
障害児教育史 : 世界教育史大系,荒川，勇,['11巻'],1974,"['図書', '点字']"
天理教視力障害者布教連盟20年史略年譜,天理教視力障害者布教連盟,['22cm'],1977,['図書']
講座心身障害児の教育,細村迪夫,"['２７６ｐ', '２１ｃｍ']",1973,['図書']
史料・日本近代と「弱者」,,['22cm'],2010,['図書']
講座心身障害児の教育,"鈴木, 清",['22cm'],1973,['図書']
世界教育史大系　３３　障害児教育史,世界教育史研究会,['３９８ ; ２２'],1974,
県水稲作柄１０５やや良　史上２番目の豊作,,,1986-10-29,
講話より巨いなる山の動く日,"清水, 寛",['21 cm'],2023,['図書']
重症児福祉の歴史と現状および将来,"末光, 茂",,2001,['図書']
地域学実習報告書.,岐阜大学地域科学部,['108 p ; 30 cm'],2022,"['図書', '政府刊行物', '官公庁刊行物']"
石井亮一の精神薄弱児体育論,北野与一,"['１２１〜１３２ｐ', '２６ｃｍ']",1981,['図書']
むつぼしのひかり : 墨字訳,点字雑誌『むつぼしのひかり』データ化・研究プロジェクト,['30cm'],2016,['図書']
戦後障害児問題年表,精神薄弱問題史研究会,['25cm'],1973,['図書']
福祉社会へのアプローチ : 久塚純一先生古稀祝賀,"大曽根, 寛, 1950-",['710p ; 22cm'],2019,['図書']
日本における心身障害者体育に関する史的研究　：　戦後の盲学校体育に関する動向と課題,北野与一,"['ｐ９９〜１２０', '２６ｃｍ']",1980,['図書']
한국장애인사 : 역사 속의 장애 인물,"정, 창권",['26cm'],2014,['図書']
地域学実習報告書.,岐阜大学地域科学部,['104 p ; 30 cm'],2021,"['図書', '政府刊行物', '官公庁刊行物']"
特別なニーズ教育と学校改革 : 歴史と今日の課題,"高橋, 智",['27cm'],1999,['図書']
教育大学講座,東京教育大学,['15冊 ; 22cm'],"1950, 1951",['図書']
京都からの提言-21世紀の日本を考える : 京都大学附置研究所・センターシンポジウム : 報告書,京都大学,['124p ; 30cm'],2015,"['図書', '政府刊行物', '官公庁刊行物']"
日本手話学会第30回大会記念報告集,日本手話学術研究会,['86p ; 30cm + DVD-Video1枚 (12cm)'],2006,['図書']
国民皆介護 : 介護保険制度の改革,"京極, 高宣, 1942-",['175p ; 21cm'],2005,['図書']
いのちを選ばないで : やまゆり園事件が問う優生思想と人権,"藤井, 克徳, 1949-",['207p ; 21cm'],2019,['図書']
日本の生活問題と社会福祉,"藤本, 武, 1912-2002",['CD-ROM 1枚'],2023,"['電子資料', 'DVD・CD']"
教育支援と排除の比較社会史 : 「生存」をめぐる家族・労働・福祉,"三時, 眞貴子","['307,7p ; 22cm']",2016,['図書']
近藤益雄研究 : 大学での共同教育の実践 : 一九七六年度埼玉大学障害児教育史ゼミナール報告集第六集,"清水, 寛",['27cm'],1977,['図書']
生態人類学は挑む.,生態人類学会,['343p ; 21cm'],2021,['図書']
あたらしい狂気の歴史 : 精神病理の哲学,"小泉, 義之, 1954-",['285p ; 19cm'],2018,['図書']
障がいのある子どもの尊厳をめざしたトータルケアの探究,保健看護学研究会,['113p ; 30cm'],2017,['図書']
グローバリゼーションとつながりの人類学,"越智, 郁乃, 1978-",['395 p ; 22 cm'],2021,['図書']
ひとと生まれて人間となる : 糸賀一雄研究の新展開,"渡部, 昭男, 1954-",['281 p ; 21 cm'],2021,['図書']
多々良島ふたたび : ウルトラ怪獣アンソロジー,"山本, 弘, 1956-",['367p ; 16cm'],2018,['図書']
戦後日本教育方法論史,"田中, 耕治, 1952-",['262p ; 22cm'],2017,['図書']
鶴見和子と水俣 : 共生の思想としての内発的発展論,"杉本, 星子",['336p ; 22cm'],2024,['図書']
生活現場の活動者たち : 地域をつなぐ10の物語,"金, 早雪, 1957-",['330p ; 20cm'],2019,['図書']
共生の社会学 : ナショナリズム、ケア、世代、社会意識,"岡本, 智周, 1971-",['270p ; 20cm'],2016,['図書']
県史収集文書 39年度 身体障害児対策,（未整理）,['B5'],"1964, 1965",['図書']
アジアの質的心理学 : 日韓中台越クロストーク,"伊藤, 哲司, 1964-",['195p ; 21cm'],2018,['図書']
安藤昌益再発見 : 現代によみがえる「いのちの思想家」,"石渡, 博明, 1947-",['284p ; 20cm'],2022,['図書']
副田義也社会学作品集.,"副田, 義也, 1934-2021",['548p ; 22cm'],2021,['図書']
AIから読み解く社会 : 権力化する最新技術,東京大学Beyond AI研究推進機構,['315p ; 21cm'],2023,['図書']
家族会と出会って元気になる,"飯塚, 寿美, 1945-",['109p ; 21cm'],2015,['図書']
紛争と和解を考える : 集団の心理と行動,日本心理学会,['249p ; 21cm'],2019,['図書']
創立30周年記念論文集,JA共済総合研究所,['380 p ; 21 cm'],2021,['図書']
社会の変容と暮らしの再生,"室井, 研二, 1968-",['286p ; 22cm'],2022,['図書']
北欧ケアの思想的基盤を掘り起こす,"浜渦, 辰二, 1952-",['295p ; 22cm'],2018,['図書']
県史収集文書 民政 社会福祉 身体障害者福祉 指定医師 厚生世話課,（未整理）,['B5'],1966,['図書']
知のフロンティア : 生存をめぐる研究の現場,立命館大学生存学研究センター,['107p ; 21cm'],2017,['図書']
日本の介護現場における外国人労働者 : 日本語教育、キャリア形成、家族・社会保障の充実に向けて,"塚田, 典子, 1959-",['331p ; 22cm'],2021,['図書']
"人格の病理と精神療法 : 精神分析,森田療法,そして精神医学","牛島, 定信, 1939-",['222p ; 22cm'],2004,['図書']
スポーツの近現代 : その診断と批判,"有賀, 郁敏, 1957-",['473p ; 22cm'],2023,['図書']
身体障害者の歴史と現況と対策 : 身体障害者の福祉を推進するためのテキスト,高江‖常男,['７５ｐ ; ２６ｃｍ'],1961,['図書']
身体障害者の歴史と現况と對策 : 身体障害者の福祉を推進するためのテキスト,"高江, 常男",['26cm'],1961,['図書']
保育実践と児童家庭福祉論,"相沢, 譲治, 1958-",['122p ; 21cm'],2017,['図書']
新しい時代の大学入試,"繁桝, 算男, 1946-",['205p ; 21cm'],2014,['図書']
二十一世紀の英語文学,二十世紀英文学研究会,['272p ; 19cm'],2017,['図書']
教育と少年司法を結んだ先にあるもの : 子どもへの「寛容」を求めて,"中川, 明, 1941-",['318p ; 22cm'],2024,['図書']
人文知のカレイドスコープ,富山大学人文学部,['139p ; 21cm'],2018,['図書']
一番ケ瀬社会福祉論の再検討 : 生活権保障の視点とその広がり,"岩田, 正美, 1947-","['255,7p ; 22cm']",2013,['図書']
早稲田大学日本語学会設立60周年記念論文集,早稲田大学日本語学会,"['232,137p ; 22cm']",2021,['図書']
立憲国家の制度と展開 : 網中政機先生喜寿記念,"網中, 政機, 1943-",['413p ; 22cm'],2021,['図書']
交通賠償理論研究の道程,"藤村, 和夫, 1951-",['554p ; 22cm'],2020,['図書']
棄民のナショナリズム : 抵抗の流儀を学ぶために,花園大学人権教育研究センター,['251p ; 19cm'],2004,['図書']
越境,ことばを考える会,['338p ; 20cm'],2018,['図書']
衣笠隆幸選集,"衣笠, 隆幸, 1948-",['768p ; 22cm'],2017,['図書']
精神医学とは何か? : 犯罪学と病跡学からのアプローチ : 作田明遺稿集,"作田, 明, 1950-2011",['366p ; 20cm'],2011,['図書']
病いは物語である : 文化精神医学という問い,"江口, 重幸, 1951-",['386p ; 22cm'],2019,['図書']
身体と環境をめぐる世界史 : 生政治からみた「幸せ」になるためのせめぎ合いとその技法,"服部, 伸, 1960-",['418p ; 22cm'],2021,['図書']
てんかんケア・仙台.,"海野, 美千代",['201 p ; 26 cm'],2023,['図書']
医療の本質と変容 : 伝統医療と先端医療のはざまで,"高橋, 隆雄, 1948-2020",['378p ; 22cm'],2011,['図書']
部落解放論の最前線.,"朝治, 武, 1955-",['455p ; 21cm'],2021,['図書']
万人のための点字力入門 さわる文字から、さわる文化へ,"広瀬, 浩二郎, 1967-",['4冊 ; 27cm'],2011,['図書']
川崎市政の研究,"打越, 綾子, 1971-",['323p ; 22cm'],2006,['図書']
"乳幼児健診とその周辺,いま知っておきたいこと","松井, 陽",['55p ; 26cm'],2009,['図書']
万人のための点字力入門 : さわる文字から、さわる文化へ,"広瀬, 浩二郎, 1967-",['209p ; 21cm'],2010,['図書']
検証「中国経済発展モデル」の真実 : その起源・成果・代償・展望,"丁, 学良",['393p ; 20cm'],2013,['図書']
地域共生社会の実現とインクルーシブ教育システムの構築 : これからの特別支援教育の役割,"落合, 俊郎, 1950-",['208p ; 21cm'],2017,['図書']
不眠の科学,"井上, 雄一, 1956-",['246p ; 21cm'],2012,['図書']
さわって楽しむ博物館 ユニバーサル・ミュージアムの可能性,"広瀬, 浩二郎, 1967-",['5冊 ; 27cm'],2013,['図書']
言語におけるインターフェイス,"西原, 哲雄, 1961-",['293p ; 21cm'],2019,['図書']
医療的ケア児者の地域生活支援の行方 : 法制化の検証と課題,医療的ケアネット,['212p ; 21cm'],2013,['図書']
ドキュメント戦後の日本 : 新聞ニュースに見る社会史大事典,国立国会図書館逐次刊行物部,['31cm'],1994,['図書']
さわって楽しむ博物館 : ユニバーサル・ミュージアムの可能性,"広瀬, 浩二郎, 1967-",['253p ; 21cm'],2012,['図書']
揺らぐ主体/問われる社会,"桜井, 智恵子","['213,3p ; 19cm']",2013,['図書']
アジアにおける地域協力の可能性,"青木, 一能, 1946-",['270p ; 20cm'],2015,['図書']
リスク社会化環境における共生社会論 : 問題系の確認と展開,リスク共有型共生社会研究会,['162p ; 26cm'],2009,['図書']
現代市民法学と民法典,"池田, 恒男",['386p ; 22cm'],2012,['図書']
ファミリー・トラブル : 近代家族/ジェンダーのゆくえ,"金井, 淑子, 1944-",['307p ; 19cm'],2006,['図書']
地域から社会福祉を切り開く,"田代, 国次郎, 1935-2014",['261p ; 21cm'],2011,['図書']
人間と文化,島根県立大学短期大学部,['DVD-ROM 1枚 ; 12cm'],2017,"['電子資料', 'DVD・CD', '文書データ', '政府刊行物', '地方公共団体刊行物']"
人間と文化,島根県立大学短期大学部,"['257, 6p ; 26cm']",2017,"['図書', '政府刊行物', '地方公共団体刊行物']"
カトリック社会福祉の限界と展望 : 第4回カトリック社会福祉セミナー《報告書》,日本カトリック司教協議会,['57p ; 21cm'],2003,['図書']
震災復興学 : 阪神・淡路20年の歩みと東日本大震災の教訓,神戸大学震災復興支援プラットフォーム,['294p ; 21cm'],2015,['図書']
忘れえぬ声を聴く,"黒岩, 比佐子, 1958-2010",['252p ; 20cm'],2014,['図書']
難聴 : 知られざる人間風景,"津名, 道代",['21cm'],2005,['図書']
刑事政策と人権 : 一刑事法学者の歩み,"森本, 益之, 1940-",['437p ; 21cm'],2016,['図書']
研究論文・報告集,人と防災未来センター,['167p ; 30cm'],2020,['図書']
福祉の現場 : 実践と発言 : 伊藤博義先生古稀記念論文集,"伊藤, 博義, 1934-",['736p ; 19cm'],2004,['図書']
学術研究助成報告集,国土地理協会,['239p ; 30cm'],2016,['図書']
共生社会の創出をめざして,淑徳大学,['443p ; 22cm'],2016,['図書']
知の境界線を突破せよ! : 新領域融合プロジェクトの全貌,"奥松, 英幸",['270p ; 19cm'],2013,['図書']
民事手続法の発展 : 加藤哲夫先生古稀祝賀論文集,"三木, 浩一, 1958-",['1060p ; 22cm'],2020,['図書']
3.11社会と人間に問われるもの : 東日本大震災シンポジウム,仏教大学総合研究所,['388p ; 22cm'],2013,['図書']
裁判員裁判時代の刑事裁判,"安廣, 文夫, 1944-",['517p ; 22cm'],2015,['図書']
労働法が目指すべきもの : 渡辺章先生古稀記念,"菅野, 和夫, 1943-",['344p ; 22cm'],2011,['図書']
リーディングス日本の社会福祉,"岩田, 正美, 1947-",['417p ; 22cm'],2010,['図書']
精神医学の方位 : 松下正明先生古稀記念論文集,"坂口, 正道, 1944-",['301p ; 27cm'],2007,['図書']
子どもと保育,,['203p ; 21cm'],2009,['図書']
生活保護,"埋橋, 孝文, 1951-","['270,7p ; 26cm']",2013,['図書']
上野学園創立105周年記念論文集 : 上野学園大学・同短期大学部研究紀要,上野学園大学,['235 p ; 26 cm'],2010,['図書']
宇井純セレクション,"宇井, 純, 1932-2006",['381p ; 20cm'],2014,['図書']
福祉文化学の源流と前進,"永山, 誠, 1946-",['275p ; 19cm'],2011,['図書']
最初期キリスト教思想の軌跡 : イエス・パウロ・その後,"青野, 太潮, 1942-",['869p ; 20cm'],2013,['図書']
企業法の進路 : 江頭憲治郎先生古稀記念,"黒沼, 悦郎, 1960-",['1067p ; 22cm'],2017,['図書']
教育法の現代的争点,日本教育法学会,['395p ; 21cm'],2014,['図書']
社会法の基本理念と法政策 : 社会保障法・労働法の現代的展開,"山田, 晋, 1958-",['346p ; 22cm'],2011,['図書']
ドイツ社会法の構造と展開 : 理論、方法、実践,"Zacher, Hans Friedrich, 1928-",['340p ; 22cm'],2005,['図書']
明日をひらく図書館 : 長野の実践と挑戦,"宮下, 明彦, 1946-",['201p ; 21cm'],2013,['図書']
訪日学術研究者論文集,日韓文化交流基金,['609p ; 26cm'],2013,['図書']
稀で特異な精神症候群ないし状態像,"中安, 信夫, 1949-",['240p ; 26cm'],2004,['図書']
音楽教育学の未来 : 日本音楽教育学会設立40周年記念論文集,日本音楽教育学会,['407p ; 21cm'],2009,['図書']
松沢臨床精神医学セミナー,"松下, 正明, 1937-",['276p ; 21cm'],2008,['図書']
部落差別・人権論,同和文献保存会,['613p ; 31cm'],2007,['図書']
日本社会と市民法学 : 清水誠先生追悼論集,"広渡, 清吾, 1945-",['806p ; 22cm'],2013,['図書']
TVアニメーションらんま1/2 : ニューテレシネHDマスター版,,['ビデオディスク 9枚 (1261分) : Blu-ray Disc'],2013,"['映像資料', 'Blu-ray Disc']"
KSブックレット,,['21cm'],2000,['図書']
共生と希望の教育学,"岡本, 智周, 1971-",['357p ; 21cm'],2011,['図書']
教育人間学の展開,"平野, 正久, 1939-",['374p ; 22cm'],2009,['図書']
この国の芸術 : 〈日本美術史〉を脱帝国主義化する,"小田原, のどか, 1985-",['851p ; 19cm'],2023,['図書']
몸에 새긴 역사의 기억 : 4・3 후유장애자 생애사 아카이브전,"김, 동만",['23cm'],2004,['図書']
中世の身分制と非人,"細川, 涼一, 1955-",['294p ; 21cm'],2004,['図書']
明日へ翔ぶ : 人文社会学の新視点,松尾金藏記念奨学基金,['407p ; 22cm'],2008,['図書']
憲法と現実政治,日本科学者会議,['367p ; 21cm'],2010,['図書']
「人間の尊厳と共生」の教育研究,日本教育学会,['93p ; 30cm'],2002,['図書']
心理学ワールド : 50号刊行記念出版,日本心理学会,['319p ; 22cm'],2011,['図書']
日本国憲法解釈の再検討,"高見, 勝利, 1945-",['442p ; 22cm'],2004,['図書']
小松ゼミ報告書,松山大学経済学部,['195p ; 30cm'],2004,['図書']
経済発展と社会政策 : 東アジアにおける差異と共通性,社会政策学会,['265p ; 21cm'],2007,['図書']
東アジア共同体を考える : ヨーロッパに学ぶ地域統合の可能性,"山下, 英次, 1947-",['495p ; 22cm'],2010,['図書']
現代スポーツのパースペクティブ,"菊, 幸一, 1957-",['367p ; 19cm'],2006,['図書']
戦後音楽教育60年,音楽教育史学会,['349p ; 21cm'],2006,['図書']
新編日本のフェミニズム,"天野, 正子, 1938-2015",['333p ; 19cm'],2009,['図書']
サラリーマンneo,,['ビデオディスク 1枚 (139分) : DVD + 1冊'],2009,"['映像資料', 'DVD']"
セルフ・アイデンティティ : 拡散する男性像,"榎本, 博明, 1955-",['280p ; 21cm'],2007,['図書']
社会学が拓く人間科学の地平 : 人間を考える学問のかたち,"浜口, 晴彦, 1933-",['250p ; 22cm'],2005,['図書']
昭和30年代半ばから同40年代半ばまでの肢体不自由体育について,"北野, 与一",['26cm'],1991,['図書']
医療福祉抑制の時代マイナス診療報酬下の経営戦略,"開原, 成允, 1937-2011",['344p ; 21cm'],2006,['図書']
西本鶏介児童文学論コレクション,"西本, 鶏介, 1934-","['472,18p ; 22cm']",2012,['図書']
英語教育学研究 : 金田道和先生退官記念論文集,"金田, 道和, 1939-",['265p ; 22cm'],2004,['図書']
昭和40年代半ばから同60年代半ばまでの肢体不自由体育について,"北野, 与一",['26cm'],1990,['図書']
東京外国語大学南アジア研究リサーチペーパー,,['30cm'],2016,['図書']
『世界』憲法論文選 : 1946-2005,"井上, ひさし, 1934-2010",['540p ; 21cm'],2006,['図書']
心の解明に向けての統合的方法論構築 : 21世紀COEプログラム : 平成18年度成果報告書,慶應義塾大学21世紀COE人文科学研究拠点心の統合的研究センター,['303p ; 30cm'],2007,['図書']
近代日本の政治と社会,"三上, 昭美, 1931-",['530p ; 22cm'],2001,['図書']
訪日学術研究者論文集 : アカデミック,日韓文化交流基金,['547p ; 27cm'],2000,['図書']
昭和20年までの東京市立光明学校における肢体不自由児体育について,"北野, 与一",['26cm'],1988,['図書']
マンダラの諸相と文化 : 頼富本宏博士還暦記念論文集,"頼富, 本宏, 1945-2015",['847p ; 22cm'],2005,['図書']
ヒューマンサービスリサーチ : オープンリサーチセンター整備事業「臨床人間科学の構築」,立命館大学人間科学研究所,['21cm'],2006,['図書']
心の解明に向けての統合的方法論構築 : 21世紀COEプログラム : 平成16年度成果報告書,慶應義塾大学21世紀COE人文科学研究拠点心の統合的研究センター,['288p ; 30cm'],2005,['図書']
新世紀スポーツ文化論,"近藤, 英男, 1913-",['438p ; 22cm'],2000,['図書']
心の解明に向けての統合的方法論構築 : 慶應義塾大学21世紀COEプログラム : 平成15年度成果報告書,慶應義塾大学21世紀COE人文科学研究拠点心の統合的研究センター,['172p ; 30cm'],2004,['図書']
世界教育史大系,世界教育史研究会,['22cm'],1974,['図書']
調査と人権,"広田, 伊蘇夫, 1935-",['305p ; 20cm'],1987,['図書']
歩んだ跡 : 豊嶋英明教授退職記念研究業績集,"豊嶋, 英明",['786p ; 30cm'],2007,"['図書', '政府刊行物', '官公庁刊行物']"
日・韓次世代学術フォーラム第2回国際学術大会 : 日・韓友情年2005記念事業 : proceeding : 東アジアにおける人文社会研究の新動向,韓日次世代学術フォーラム,['394p ; 30cm'],2005,['図書']
音楽教育の研究 : 理論と実践の統一をめざして,"浜野, 政雄, 1914-",['605p ; 22cm'],1999,['図書']
文化財論叢,奈良文化財研究所,['750p ; 27cm'],2002,"['図書', '政府刊行物', '官公庁刊行物']"
児童相談所と児童福祉 : 福祉労働と福祉実践 : 鈴木政夫遺稿集,"鈴木, 政夫, 1927-1997",['708p ; 22cm'],2002,['図書']
創立三十周年記念論文集,流通経済大学,['357p ; 22cm'],1996,['図書']
イースト新書,,['18cm'],2013,['図書']
インクルーシブ社会研究 = Studies for inclusive society,,['21cm'],2014,['図書']
実存思想論集,実存思想協会,"['196, 6p ; 22cm']",1992,['図書']
アジアの差別問題,"西, 順蔵, 1914-1984",['425p ; 20cm'],1993,['図書']
NHK文化講演会,日本放送協会,['237p ; 21cm'],1988,['図書']
現代社会政策のフロンティア,,['22cm'],2011,['図書']
彦根市埋蔵文化財調査報告,彦根市教育委員会,['26-30cm'],1981,['図書']
分裂病の精神病理,"土居, 健郎, 1920-2009",['308p ; 22cm'],1987,['図書']
21世紀の民法 : 小野幸二教授還暦記念論集,"小野, 幸二, 1936-",['970p ; 22cm'],1996,['図書']
教師と教員養成,"荒川, 勇",['25cm'],1981,['図書']
現代家族法の諸相 : 高野竹三郎先生古稀記念,"高野, 竹三郎, 1922-1997",['543p ; 22cm'],1993,['図書']
アジアの差別問題,"西, 順蔵, 1914-1984",['338p ; 20cm'],1986,['図書']
ポプラ新書,,['18cm'],2013,['図書']
財団法人静岡県埋蔵文化財調査研究所設立10周年記念論文集,静岡県埋蔵文化財調査研究所,['630p ; 27cm'],1995,['図書']
杉山善朗教授退職記念論文集,"杉山, 善朗, 1930-","['12, 223p ; 27cm']",1996,['図書']
「新通史」日本の科学技術 : 世紀転換期の社会史 : 1995年～2011年,"吉岡, 斉, 1953- 2018",['642p ; 22cm'],2011,['図書']
ExLibris,,,2009,['図書']
校内暴力問題講演集,国立教育研究所,['279p ; 21cm'],1984,"['図書', '政府刊行物', '官公庁刊行物']"
プリミエ・コレクション,,['22cm'],2011,['図書']
人権ブックレット,和歌山県部落解放・人権研究所,['21cm'],2002,['図書']
佛教大学研究叢書,,,2007,['図書']
聖徳大学短期大学部創立30周年記念論文集,聖徳大学川並記念図書館,['698p ; 22cm'],1995,['図書']
幻冬舎ルネッサンス新書,,['18cm'],2009,['図書']
保険法の現代的課題 : 三宅一夫先生追悼論文集,"三宅, 一夫, 1904-1990",['631p ; 22cm'],1993,['図書']
言語探究の領域 : 小泉保博士古稀記念論文集,"小泉, 保, 1926-2009",['556p ; 22cm'],1996,['図書']
現代社会福祉の基本視角,"一番ケ瀬, 康子, 1927-2012",['383p ; 22cm'],1989,['図書']
現代教育行政学研究,"上原, 貞雄, 1930-1999","['333, 13p ; 22cm']",1994,['図書']
英米法論集,"藤倉, 皓一郎, 1934-",['588p ; 22cm'],1987,['図書']
早稲田教育ブックレット,,,2006,['図書']
JLA図書館実践シリーズ,日本図書館協会,['19cm'],2004,['図書']
日本の生活問題と社会福祉,"藤本, 武, 1912-2002",['410p ; 22cm'],1981,['図書']
「新通史」日本の科学技術 : 世紀転換期の社会史 : 1995年～2011年,"吉岡, 斉, 1953- 2018",['662p ; 22cm'],2011,['図書']
学校教育法中の特殊教育関係規定について,"荒川, 勇",['25cm'],1979,['図書']
社会福祉の現代的展開 : 高度成長期から低成長期へ,日本社会事業大学,['362p ; 22cm'],1986,['図書']
サピエンティア,,,2008,['図書']
東京教育大学特殊教育科創設の経緯について,"荒川, 勇",['25cm'],1978,['図書']
MINERVA社会福祉叢書,,['22cm'],1995,['図書']
幻冬舎新書,,['18cm'],2006,['図書']
法と政治の理論と現実 : 関西大学法学部百周年記念論文集,関西大学,['531p ; 22cm'],1987,['図書']
ディスカヴァー携書,,,2007,['図書']
放送大学大学院教材,,,2002,['図書']
京都府立大学地域貢献型特別研究(ACTR)研究成果報告書,京都府立大学地域連携センター,['30cm'],2005,['図書']
フロイト著作集,"Freud, Sigmund, 1856-1939",['419p ; 22cm'],1984,['図書']
臨床的知の探究 : 河合隼雄教授還暦記念論文集,"河合, 隼雄, 1928-2007","['297, 3p ; 22cm']",1988,['図書']
Parade books,,['19-21cm'],2005,['図書']
分裂病の生活臨床,"台, 弘, 1913-2014",['407p ; 26cm'],1987,['図書']
学術叢書,,,2003,['図書']
青春新書intelligence,,['18cm'],2005,['図書']
扶桑社新書,,['18cm'],2007,['図書']
教職科学講座,,,1989,['図書']
児童心理学の進歩,日本児童研究所,['327p ; 22cm'],1981,['図書']
朝日新書,,,2006,['図書']
創成社新書,,['18cm'],2005,['図書']
日本の教師,"稲垣, 忠彦",['21cm'],1993,['図書']
ちくまプリマー新書,,['18cm'],2005,['図書']
生涯学習ブックレット,,['21cm'],1999,['図書']
対米協助成シリーズ,,['21cm'],2000,['図書']
真宗教学の諸問題 : 佐藤三千雄教授還暦記念,"佐藤, 三千雄, 1922-2012","['405, 43p ; 22cm']",1983,['図書']
早稲田教育叢書,,['19cm'],1997,['図書']
現代日本の公害と社会福祉,桃山学院大学,['286p ; 19cm'],1975,['図書']
沖縄久米島の総合的研究,法政大学,['568p ; 27cm'],1984,['図書']
明石ライブラリー,,['20cm'],1997,['図書']
新潮新書,,['18cm'],2003,['図書']
主婦の友ベストbooks,,['21cm'],2003,['図書']
光文社新書,,['18cm'],2001,['図書']
創立25周年記念論文集 : 社会福祉をめぐって,東北福祉大学,['507p ; 22cm'],1984,['図書']
K.G.りぶれっと,,['21cm'],2000,['図書']
Minerva text library,,,1997,['図書']
公衆衛生看護双書,"橋本, 正己, 1917-",['199p ; 22cm'],1970,['図書']
札幌学院大学選書,,['22cm'],1989,['図書']
How-nual図解入門,,['21cm'],2001,['図書']
中公新書ラクレ,,,2001,['図書']
ベスト新書,,['18cm'],2001,['図書']
現代教育心理学の諸問題 : 塚田毅教授退官記念論文集,"塚田, 毅, 1910-",['265p ; 22cm'],1973,['図書']
刑事政策講座,"宮沢, 浩一, 1930-2010",['356p ; 21cm'],1972,['図書']
岩波現代文庫,,['15cm'],2000,['図書']
社会保障法を学ぶ : 制度と運用の問題点,"小川, 政亮, 1920-2017","['345, 8p ; 19cm']",1974,['図書']
宝島社新書,,['18cm'],1999,['図書']
平凡社新書,,['18cm'],1999,['図書']
辛亥煩言,日本大学法学会,['201p ; 21cm'],1971,['図書']
集英社新書,,['18cm'],1999,['図書']
臨床描画研究,家族画研究会,['21cm'],1986,['図書']
文春新書,,['18cm'],1998,['図書']
能力開発レポート,全日本能率連盟人間能力開発センター,['18冊 ; 21cm'],"1975, 1977",['図書']
問題別教育相談講座,田中教育研究所,['5冊 ; 22cm'],1969,['図書']
PHP新書,,['18cm'],1996,['図書']
有斐閣アルマ,,['19cm'],1995,['図書']
千葉大学社会文化科学研究科研究プロジェクト報告書,千葉大学大学院社会文化科学研究科,['30cm'],1997,['図書']
研究報告書,埼玉県立教育センター,['20冊 (合本1冊) ; 26cm'],"1974, 1975","['図書', '政府刊行物', '地方公共団体刊行物']"
児童福祉 : 日本の現状と問題点,"菅, 支那, 1899-1982",['447p 肖像 ; 22cm'],1971,['図書']
現代日本の児童福祉,"木村, 武夫, 1910-1986",['292p ; 22cm'],1970,['図書']
ちくま新書,,['18cm'],1994,['図書']
社会福祉労働論,福祉問題研究編集委員会,['380p ; 20cm'],1974,['図書']
Senri ethnological reports,,['26cm'],1994,['図書']
世界人権問題叢書,,['20cm'],1991,['図書']
講談社選書メチエ,,['19cm'],1994,['図書']
教育権保障の理論と実態,日本教育法学会,['216p ; 22cm'],1972,['図書']
地方自治ジャーナルブックレット,,['21cm'],1992,['図書']
ふくろうの本,,['22cm'],1993,['図書']
子どもと教育を考える,,['19cm'],1983,['図書']
GEMCOビデオプログラム,,['19cm'],1991,"['映像資料', 'ビデオテープ']"
中学校・研究実践シリーズ,,['25冊 ; 22cm'],"1972, 1973",['図書']
CLAIR report,自治体国際化協会,['30cm'],1989,['図書']
資料シリーズ,日本労働研究機構,['26cm'],1990,['図書']
放送大学ビデオ教材,放送大学学園,,1989,"['映像資料', 'ビデオテープ']"
現代心理学論集 : 安倍三郎先生古稀記念論文集,"安倍, 三郎, 1898-1974",['418p 図版 ; 22cm'],1968,['図書']
眼病の診断と治療,"宇山, 安夫, 1895-1981",['426p (原色図版共) ; 27cm'],1962,['図書']
眼病の診断と治療,"宇山, 安夫, 1895-1981",['351p ; 26cm'],1962,['図書']
NHKスペシャル,,,1989,['図書']
研究叢書,中央大学人文科学研究所,['22cm'],1986,['図書']
科学研究費補助金(国際学術研究)研究成果報告書,,,1989,['図書']
中学校教育実践選書,,,1983,['図書']
アジアにおけるキリスト教,"Fox, Harry Robert",['201p ; 19cm'],1955,['図書']
ちくま文庫,,['15cm'],1985,['図書']
耳鼻咽喉科最近の進歩,"堀口, 申作, 1908-1997",['654p ; 22cm'],1968,['図書']
知恵の森文庫,,,1984,['図書']
講座社会保障,"丸山, 博, 1909-1996",['345p ; 22cm'],1959,['図書']
研究双書,アジア経済研究所,['21-27cm'],1980,['図書']
ニュートン別冊,,,1982,['図書']
音声の研究,日本音声学会,['2冊 ; 22cm'],"1966, 1967",['図書']
中学校・研究実践シリーズ,,['22cm'],1973,['図書']
岩波ブックレット,岩波書店,,1982,['図書']
岩波ジュニア新書,,['18cm'],1979,['図書']
日本比較法研究所研究叢書,日本比較法研究所,['22cm'],1977,['図書']
朝日文庫,,['15cm'],1977,['図書']
朝日選書,,['19cm'],1974,['図書']
文春文庫,,['16cm'],1974,['図書']
講談社文庫,,,1970,['図書']
日本労働法学会誌,日本労働法学会,['21cm'],1965,['図書']
新潮選書,,['20cm'],1967,['図書']
講談社現代新書,,['18cm'],1964,['図書']
NHKブックス,,['19cm'],1964,['図書']
ブルーバックス,,['17-18cm'],1963,['図書']
中公新書,,['18cm'],1962,['図書']
心理学講座,日本応用心理学会,,1953,['図書']
文庫クセジュ,,,1951,['図書']
野間教育研究所紀要,,['22cm'],1947,['図書']
新潮文庫,,['16cm'],1914,['図書']
障害史研究,,,,"['オンライン資料', 'オンラインジャーナル', '雑誌']"
東京専門学校文学科第二回第三年級講義録参考課目,東京専門学校,['1冊 ; 21cm'],,"['図書', 'マイクロ資料']"
地域障害児教育史研究,,,,['図書']
戦後障害児教育史資料,戦後障害児教育史研究会,,,['図書']
障害児教育史の研究,,['25cm'],,['図書']
障害者権利運動の歴史と動向,,['30 cm'],,['図書']
福祉労働 : 障害者・保育・教育の総合誌,,,,['図書']
天理教視力障害者布教連盟２０年史略年譜,天理教視力障害者布教連盟,['1巻'],,"['図書', '点字']"
日本における心身障害者体育の史的研究,,,,['図書']
日本における心身障害者体育の史的研究,北野 与一,['p103〜127 ; 26cm'],,['図書']
日本における心身障害者体育の史的研究,北野 与一,['21p ; 26cm'],,['図書']
戦後障害児教育史研究 : その思潮・制度・方法の総合的通史研究,,['25cm'],,['図書']
（申込後に件名目録作成）,（未整理）,,,['図書']
（申込後に件名目録作成）,（未整理）,,,['図書']
障害児教育体制に関する社会学的探求 : 盲学校教育をめぐる歴史過程と実践の論理,"佐藤, 貴宣",,,['博士論文']
第六分科会報告書 : 社会科教育に於ける地域社会の障害と歴史教育 : 第3回全国教育研究大会,千葉県教職員組合,['25cm'],,['図書']
白杖・黒メガネから音声パソコンへ　戦後盲人関係史秘話,柴田　優子,['1巻'],,"['図書', '録音図書（カセットテープ）']"
少年行刑の歴史からみる知的障害者福祉の萌芽－浦和監獄川越分監における処遇に着目して,"末松, 惠",,,['博士論文']
全国情緒障害教育研究会からみた自閉症教育のあゆみと今後の展望,全国情緒障害教育研究会,,,['図書']
精神薄弱問題史研究紀要,精神薄弱問題史研究会,['26cm'],,['図書']
スポーツ歴史の検証,,,,['図書']
戦後における神奈川県内精神薄弱特殊学級の変遷,"榎田, 洋一",['25cm'],,['図書']
ノーマライゼーション・ライブラリー,,,,['図書']
広島社会福祉資料,,,,['図書']
KSK,,,,['図書']
教育普及部門研究報告,,['26cm'],,['図書']
ゆたか福祉会年報,,,,['図書']
安田精神保健講座,,['cm'],,['図書']
同時代ノンフィクション選集,"柳田, 邦男",['20cm'],,['図書']
生存学研究センター報告,,['21cm'],,['図書']
小学館版学習まんがスペシャル,,['23cm'],,['図書']
四国学院研究叢書,,,,['図書']
佛教大学社会福祉学叢書,,,,['図書']
小川政亮著作集,"小川, 政亮",,,['図書']
東京都教育委員会印刷物登録,,,,['図書']
社会福祉選書,,,,['図書']
立社館資料,東京都立川社会教育会館,,,['図書']
SQ選書,,,,['図書']
青木教育叢書,,,,['図書']
熊本学園大学付属社会福祉研究所社会福祉叢書,,,,['図書']
精神科医からのメッセージ,,,,['図書']
Aoki教育library,,['20cm'],,['図書']
清風堂オリジナルブックレット,,,,['図書']
JETDA personal publications,,,,['図書']
文部省科学研究費補助金一般研究(B)研究成果中間報告書,,,,['図書']
MINERVA教職講座,,['21cm'],,['図書']
現代教育実践文庫,,,,['図書']
広島女子大学地域研究叢書,,,,['図書']
愛知学泉大学生活文化研究所研究報告,,,,['図書']
神戸地区県立学校白書,神戸地区県立学校同和教育研究協議会,,,['図書']
労働科学叢書,労働科学研究所,['22cm'],,['図書']
科学研究費補助金重点領域研究研究成果報告書,,,,['図書']
人権啓発指導者養成研修会の講演から,,,,['図書']
明石ブックレット,,,,['図書']
日本眼科全書,日本眼科学会,,,['図書']
研究報告書,子どもの虹情報研修センター,,,['図書']
新潟大学放送公開講座,,,,['図書']
岐阜大学地域科学部・地域学実習報告書,,,,['図書']
岐阜経済大学研究叢書,,['22cm'],,['図書']
ブックレット・シリーズ,,['21cm'],,['図書']
現代自治選書,,['19-21cm'],,['図書']
シリーズ大学生の学びをつくる,,,,['図書']
たいまつ新書,,,,['図書']
報告,京都市立永松記念教育センター,,,['図書']
ムジカノーヴァ叢書,,,,['図書']
大活字文庫,,,,['図書']
クリティーク叢書,,,,['図書']
SB新書,,['26cm'],,['図書']
科学研究費補助金(基盤研究(C))成果報告資料,,['26-30cm'],,['図書']
研究紀要,福岡県教育センター,,,['図書']
佛教大学総合研究所紀要,佛教大学総合研究所,['26cm'],,['図書']
ラジオ大学講座,,,,['図書']
セレクトbooks,,['21cm'],,['図書']
現代心理学ブックス,,,,['図書']
共同研究報告書,日本社会事業大学社会事業研究所,,,['図書']
プロブレムQ&A,,['21cm'],,['図書']
伝記世界を変えた人々,,['22cm'],,['図書']
社会新報ブックレット,,,,['図書']
Maruzen audiovisual library,,['12cm'],,"['映像資料', 'ビデオテープ']"
Shinpu books,,,,['図書']
ジュリスト増刊総合特集,,,,['図書']
学芸員研修会報告書,,,,['図書']
社会政策 : 社会政策学会誌 = Social policy and labor studies,,['26cm'],,['図書']
科学研究費補助金基盤研究(B)展開(2)研究成果報告書,,['30cm'],,['図書']
SB新書,,,,['図書']
海外技術資料調査集,材料技術資料センター,,,['図書']
指導資料,船橋市教育研究所,,,['図書']
Selected scientific & technical report,,,,['図書']
山梨県立大学地域研究交流センター研究報告書,,,,['図書']
科学研究費補助金(基盤研究(C)企画(1))研究成果報告書,,,,['図書']
Bamboo essay selection,,,,['図書']
明治大学人文科学研究所叢書,,,,['図書']
Monad books,,['19cm'],,['図書']
早稲田大学比較法研究所叢書,早稲田大学比較法研究所,,,['図書']
関西大学法学研究所研究叢書,関西大学法学研究所,,,['図書']
ワーキング・ペーパー,法政大学大原社会問題研究所,,,['図書']
Minerva福祉ライブラリー,,['21cm'],,['図書']
アポロンビデオライブラリー,,,,"['映像資料', 'ビデオテープ']"
テレビ大学講座,,,,['図書']
現代のエスプリ,,,,['図書']
人権ブックレット,,,,['図書']
新日本新書,,,,['図書']
放送大学教材,,,,['図書']
文部省科学研究費補助金(総合研究A)研究成果報告書,,['26cm'],,['図書']
科学研究費補助金(一般研究C萌芽)研究成果報告書,,,,['図書']
For beginners シリーズ,,['21cm'],,['図書']
楽しいクラスづくりフレッシュ文庫,,,,['図書']
PHPこころのノンフィクション,,,,['図書']
日本学術振興会科学研究費補助金基盤研究C研究成果報告書,,,,['図書']
科学研究費補助金(基盤研究(C)(2))成果報告資料,,['26-30cm'],,['図書']
トヨタ財団助成研究報告書,,,,['図書']
科学研究費補助金基盤研究(C)(2)研究成果報告書,,,,['図書']
科学研究費補助金(若手研究(B))研究成果報告書,,,,['図書']
週刊朝日ムック,,,,['図書']
科学研究費補助金(基盤研究C)研究成果報告書,,,,['図書']
科学研究費補助金(基盤研究(C)(1))研究成果報告書,,,,['図書']
科学研究費補助金(基礎研究(C)(2))研究成果報告書,,,,['図書']
調査と資料,名古屋大学経済学部附属経済構造分析資料センター,,,['図書']
ブックレット新潟大学,新潟大学大学院現代社会文化研究科ブックレット新潟大学編集委員会,,,['図書']
グリーン・アロー・ブックス,,['19cm'],,['図書']
ジュリスト,,,,['図書']
OMUPブックレット,,['21cm'],,['図書']
研究報告,大阪市教育研究所,,,['図書']
有斐閣双書,,,,['図書']
調査と情報,国立国会図書館調査及び立法考査局,['30cm'],,['図書']
紀伊國屋新書,,,,['図書']
慶應義塾大学法学研究会叢書,慶應義塾大学法学研究会,['22cm'],,['図書']
ジュリスト. 増刊,,,,['図書']
科学研究費補助金(一般研究(B))研究成果報告書,,,,['図書']
MF comic essay,,,,['図書']
ちくまプリマーブックス,,,,['図書']
学研新書,,,,['図書']
ジェイ・ガイド,,,,['図書']
科学研究費補助金(基盤研究A)研究成果報告書,,,,['図書']
講談社+α新書,,['18cm'],,['図書']
科学研究費補助金(一般研究C)研究成果報告書,,,,['図書']
小学館新書,,,,['図書']
福岡県行政資料,,,,['図書']
青春新書,,['18cm'],,['図書']
国調立資料,国立国会図書館調査立法考査局,,,['図書']
DBS cosmos library,,,,['図書']
科学研究費補助金(基盤研究(B))研究成果報告書,,,,['図書']
科学研究費補助金・特定領域研究研究成果報告書,,,,['図書']
科学研究費補助金(基盤研究(B)(2))研究成果報告書,,['26-30cm'],,['図書']
有斐閣新書,,,,['図書']
ふだん記新書,,,,['図書']
研究双書,関西大学経済・政治研究所,,,['図書']
科学研究費補助金(基盤研究(C)一般)研究成果報告書,,,,['図書']
警察政策学会資料,,,,['図書']
海外研究開発レポート,,,,['図書']
UP選書,,['19cm'],,['図書']
みやざき文庫,,,,['図書']
BBC active,,['12cm'],,"['映像資料', 'ビデオテープ']"
国民文庫,,,,['図書']
海外研究開発レポート,,['30cm'],,['図書']
科学研究費補助金(基盤研究(B)(1))研究成果報告,,,,['図書']
新教新書,,,,['図書']
科学研究費補助金(基盤研究(A)(1))研究成果報告書,,,,['図書']
科学研究費補助金(一般研究A)研究成果報告書,,,,['図書']
楽しい調べ学習シリーズ,,,,['図書']
Newtonムック,,,,['図書']
祥伝社新書,,,,['図書']
有斐閣選書,,['19cm'],,['図書']
Tokuma books,,,,['図書']
別冊the Quintessence,クインテッセンス出版,,,['図書']
小学館101新書,,['18cm'],,['図書']
三一新書,,,,['図書']
祥伝社黄金文庫,,,,['図書']
日交研シリーズ,,['26cm'],,['図書']
岩波新書,,['18cm'],,['図書']
有斐閣ブックス,,,,['図書']
生活人新書,,['18cm'],,['図書']
Sekaishiso seminar,,['19-20cm'],,['図書']
角川SSC新書,,['18cm'],,['図書']
新書y,,['18cm'],,['図書']
研究,新住宅普及会,,,['図書']
海外研究開発レポート,,,,['図書']
コミュニティ・ブックス,,,,['図書']
科学研究費補助金(基盤研究(A)(2))研究成果報告書,,,,['図書']
科学研究費補助金(試験研究B)研究成果報告書,,['26cm'],,['図書']
NIRA研究報告書 = NIRA research report,総合研究開発機構,['21-30cm'],,['図書']
科学研究費補助金(総合研究A)研究成果報告書,,,,['図書']
運輸経済研究資料,,,,['図書']
岩波オンデマンドブックス,,,,['図書']
Kosaido books,,,,['図書']
群馬県埋蔵文化財調査事業団調査報告,群馬県教育委員会,,,['図書']
洋泉社mook,,,,['図書']
角川新書,,['18cm'],,['図書']
ワニブックス「Plus」新書,,['18cm'],,['図書']
V.R.F. series,アジア経済研究所,,,['図書']
科学研究費補助金(試験研究B(2))研究成果報告書,,,,['図書']
小学館文庫,,['15-16cm'],,['図書']
カッパ・ブックス,,,,['図書']
プレイブックス,,,,['図書']
日経BPムック,,,,['図書']
知的生きかた文庫,,['15cm'],,['図書']
のびゆく農業 : 世界の農政,農林水産業生産性向上会議,['21cm'],,['図書']
講談社+α文庫,,,,['図書']
YELL books,,,,['図書']
別冊宝島,,,,['図書']
B.B.mook,,,,['図書']
集英社文庫,,['16cm'],,['図書']
PHP文庫,,,,['図書']
